{
  "model": "gbdt",
  "mae_mean": 70.076992156454,
  "mae_std": 10.270512702175235,
  "r2_mean": 0.9102397505265835,
  "r2_std": 0.034338886877912075,
  "n_folds": 5
}